<?xml version="1.0" encoding="UTF-8"?>
<!--
  ~ JBoss, Home of Professional Open Source
  ~ Copyright 2011 Red Hat Inc. and/or its affiliates and other contributors
  ~ as indicated by the @author tags. All rights reserved.
  ~ See the copyright.txt in the distribution for a
  ~ full listing of individual contributors.
  ~
  ~ This copyrighted material is made available to anyone wishing to use,
  ~ modify, copy, or redistribute it subject to the terms and conditions
  ~ of the GNU Lesser General Public License, v. 2.1.
  ~ This program is distributed in the hope that it will be useful, but WITHOUT A
  ~ WARRANTY; without even the implied warranty of MERCHANTABILITY or FITNESS FOR A
  ~ PARTICULAR PURPOSE.  See the GNU Lesser General Public License for more details.
  ~ You should have received a copy of the GNU Lesser General Public License,
  ~ v.2.1 along with this distribution; if not, write to the Free Software
  ~ Foundation, Inc., 51 Franklin Street, Fifth Floor, Boston,
  ~ MA  02110-1301, USA.
  -->
<jboss-deployment-structure xmlns="urn:jboss:deployment-structure:1.2">
<deployment>
	 <dependencies>
             <module name="javax.servlet.api" />
 <module name="org.hibernate" export="true"/>
             
<module name="javax.enterprise.api" />
             <module name="org.jboss.logging" />
             <module name="org.slf4j" />
             <module name="org.jboss.weld.api" />
             <module name="org.kie"      meta-inf="import"/>
             <module name="org.jbpm"     meta-inf="import"/>
             <module name="org.drools"   meta-inf="import"/>
             <module name="org.kie.lib"  meta-inf="import"/>
     <module name="javax.persistence.api"                   export="true"/>
     <module name="javax.servlet.api"              export="true"/>
     <module name="javax.enterprise.api"           export="true"/>
     <module name="org.jboss.logging"              export="true"/>
     <module name="org.slf4j"                      export="true"/>
     <module name="org.jboss.weld.api"             export="true"/>
     <module name="org.apache.commons.logging"     export="true"/>
     <module name="org.apache.commons.cli"         export="true"/>
     <!--module name="org.apache.commons.codec"       export="true"/-->
     <module name="org.apache.commons.collections" export="true"/>
     <module name="org.apache.commons.io"          export="true"/>
     <module name="org.apache.commons.lang"        export="true"/>
     <module name="org.apache.commons.beanutils"   export="true"/>
     <module name="org.codehaus.jackson.jackson-core-asl"   export="true"/>
     <module name="org.codehaus.jackson.jackson-jaxrs"      export="true"/>
     <module name="org.codehaus.jackson.jackson-mapper-asl" export="true"/>
     <module name="org.codehaus.jackson.jackson-xc"         export="true"/>
     <module name="javax.ws.rs.api"                         export="true"/>
     <module name="javax.jms.api"                           export="true"/>
     <module name="javax.xml.bind.api"                      export="true"/>
     <module name="org.jgroups"                             export="true"/>
     <module name="org.joda.time"                           export="true"/>
     <module name="javax.api"                               export="true"/>
     <module name="javax.ejb.api"                           export="true"/>
     <module name="javax.servlet.api"                       export="true"/>
     <module name="javax.servlet.jsp.api"                   export="true"/>
     <module name="org.jdom"                                export="true"/>
     <module name="com.google.guava"                        export="true"/>
     <module name="javax.validation.api"                    export="true"/>
     <module name="org.apache.xml-resolver"                 export="true"/>
     <module name="org.apache.ws.xmlschema"                 export="true"/>
     <module name="org.jboss.log4j.logmanager"              export="true"/>
     <module name="javax.xml.stream.api"                    export="true"/>
     <module name="org.apache.commons.configuration"        export="true"/>
     <module name="javax.persistence.api"                   export="true"/>

<module name="org.apache.xerces" export="true" />
<module name="org.jboss.weld.api" export="true" />
<module name="org.jboss.weld.core" export="true" />
<module name="org.jboss.weld.spi" export="true" />


	 </dependencies>
 </deployment>
</jboss-deployment-structure>

